{
    "Custom CNN": {
        "train_losses": [
            3.991991809519326,
            3.286606210615577,
            2.8573881056250596,
            2.4909247526308387,
            2.2173927824671678,
            1.873157989688036,
            1.7147404182247998,
            1.599033811034226,
            1.4984326577768092,
            1.4048965558773134,
            1.219737977225606,
            1.1715608588079127,
            1.0990499313284712,
            1.039820341075339,
            0.9905366060210438,
            0.9186063744672914,
            0.8664044753807347,
            0.8559159123316044,
            0.8028300295515758,
            0.7958054296854066
        ],
        "val_losses": [
            3.4163237718435435,
            2.9738200994638295,
            2.4635970638348508,
            2.2687213787665734,
            2.0310562069599447,
            1.7599291022007282,
            1.6698736892296717,
            1.6337401477190165,
            1.5334961918684153,
            1.4819739220234065,
            1.419371573970868,
            1.3404602970068271,
            1.3724030886705105,
            1.3080324874474452,
            1.243919361096162,
            1.2484202556885207,
            1.25354707470307,
            1.2049864307045937,
            1.2259121926931233,
            1.217710588987057
        ],
        "train_accs": [
            8.21123321123321,
            17.475579975579976,
            26.373626373626372,
            34.92063492063492,
            40.15567765567766,
            47.817460317460316,
            52.44200244200244,
            55.723443223443226,
            58.07387057387057,
            60.24114774114774,
            65.35409035409036,
            66.02564102564102,
            68.4981684981685,
            69.71916971916971,
            70.77228327228327,
            73.3974358974359,
            74.38949938949939,
            75.35103785103784,
            76.12942612942614,
            76.19047619047619
        ],
        "val_accs": [
            13.814180929095354,
            25.672371638141808,
            35.696821515892424,
            39.36430317848411,
            46.0880195599022,
            52.20048899755501,
            55.37897310513448,
            57.8239608801956,
            60.26894865525672,
            61.613691931540345,
            63.81418092909536,
            65.03667481662592,
            65.15892420537897,
            67.23716381418093,
            69.80440097799512,
            69.43765281173594,
            67.97066014669926,
            69.92665036674816,
            69.07090464547677,
            71.02689486552568
        ],
        "training_time": 616.6298735141754,
        "total_params": 51526310,
        "trainable_params": 51526310,
        "best_val_acc": 71.02689486552568,
        "final_val_acc": 71.02689486552568,
        "f1_score": 0.6219268184230269
    },
    "alexnet": {
        "train_losses": [
            1.3765567347770784,
            0.5530707571564651,
            0.4255082897296766,
            0.28556293814284045,
            0.2524727796908559,
            0.21324992638717338,
            0.17692981669452132,
            0.1689674685550172,
            0.15509956526320154,
            0.13953073205108324
        ],
        "val_losses": [
            0.6585164734950433,
            0.5641642149824363,
            0.5155042139096901,
            0.4466446074298941,
            0.41736487532034516,
            0.4373348819163556,
            0.3905813254129428,
            0.3961259994942408,
            0.395878542931034,
            0.38627922105101437
        ],
        "train_accs": [
            65.26251526251527,
            83.51648351648352,
            86.84371184371184,
            91.11721611721612,
            91.75824175824175,
            93.02503052503053,
            94.55128205128206,
            94.58180708180709,
            95.13125763125763,
            95.6959706959707
        ],
        "val_accs": [
            81.17359413202934,
            83.00733496332518,
            86.43031784841075,
            87.4083129584352,
            87.53056234718827,
            88.50855745721272,
            89.85330073349633,
            89.24205378973105,
            88.99755501222494,
            89.24205378973105
        ],
        "training_time": 281.9929790496826,
        "total_params": 57421734,
        "trainable_params": 417894,
        "best_val_acc": 89.85330073349633,
        "final_val_acc": 89.24205378973105,
        "f1_score": 0.8620972021768845
    },
    "vgg16": {
        "train_losses": [
            1.7230497447455801,
            0.7319587700250673,
            0.5912725031375885,
            0.4736135153508768,
            0.4392656933970568,
            0.4115885972613242,
            0.36525867574098636,
            0.35571251555186945,
            0.33592884108060744,
            0.3266901481078892
        ],
        "val_losses": [
            0.777840507718233,
            0.6178730009840085,
            0.5694257912154381,
            0.4960815691604064,
            0.4830956125202087,
            0.46525715886113733,
            0.45203601468641025,
            0.44581228544792306,
            0.44983646438385433,
            0.428269390303355
        ],
        "train_accs": [
            59.61538461538461,
            80.21978021978022,
            83.57753357753357,
            86.24847374847374,
            86.98107448107449,
            87.77472527472527,
            89.11782661782662,
            89.46886446886447,
            90.53724053724054,
            90.47619047619048
        ],
        "val_accs": [
            81.05134474327629,
            85.33007334963325,
            84.84107579462103,
            87.04156479217603,
            87.1638141809291,
            88.26405867970661,
            88.99755501222494,
            88.38630806845966,
            88.50855745721272,
            89.73105134474328
        ],
        "training_time": 396.8708600997925,
        "total_params": 134678438,
        "trainable_params": 417894,
        "best_val_acc": 89.73105134474328,
        "final_val_acc": 89.73105134474328,
        "f1_score": 0.857475406628901
    },
    "resnet18": {
        "train_losses": [
            2.630923514249848,
            0.92560431899094,
            0.5662115041075684,
            0.4101451131628781,
            0.3715123978329868,
            0.32414616578962746,
            0.2886901788231803,
            0.2842418659751008,
            0.26200116960013786,
            0.2451986518938367
        ],
        "val_losses": [
            1.1593228257619417,
            0.6121497085461249,
            0.437325824625217,
            0.3844270223321823,
            0.35109607617442423,
            0.32302084737099135,
            0.3097274968257317,
            0.3016669394878241,
            0.2920389947696374,
            0.28207123250915456
        ],
        "train_accs": [
            49.54212454212454,
            85.98901098901099,
            90.84249084249085,
            93.54395604395604,
            94.0018315018315,
            94.74969474969475,
            95.68070818070818,
            95.40598290598291,
            95.98595848595849,
            96.3980463980464
        ],
        "val_accs": [
            83.49633251833741,
            89.60880195599022,
            92.66503667481662,
            92.90953545232274,
            92.54278728606357,
            93.39853300733496,
            93.52078239608802,
            93.27628361858191,
            93.39853300733496,
            94.00977995110024
        ],
        "training_time": 291.11247158050537,
        "total_params": 11228838,
        "trainable_params": 52326,
        "best_val_acc": 94.00977995110024,
        "final_val_acc": 94.00977995110024,
        "f1_score": 0.892524010992894
    },